<?xml version="1.0" encoding="UTF-8" ?>
<odoo>
    <data noupdate="1">
        <!-- used to set default data in event types-->
        <record id="first_level_record" model="employee.level">
            <field name="level">1</field>
            <field name="salary">10000</field>
        </record>
        <record id="second_level_record" model="employee.level">
            <field name="level">2</field>
            <field name="salary">20000</field>
        </record>
        <record id="third_level_record" model="employee.level">
            <field name="level">3</field>
            <field name="salary">30000</field>
        </record>
        <record id="fourth_level_record" model="employee.level">
            <field name="level">4</field>
            <field name="salary">40000</field>
        </record>
         <record id="fifth_level_record" model="employee.level">
            <field name="level">5</field>
            <field name="salary">50000</field>
        </record>
    </data>
</odoo>